[
  {
    "username": "mohan",
    "password": "mohan123",
    "name": "Mohan",
    "email": "mohan@example.com"
  },
  {
    "username": "pavan",
    "password": "pavan123",
    "name": "Pavan",
    "email": "pavan@example.com"
  },
  {
    "username": "anish",
    "password": "anish123",
    "name": "Anish",
    "email": "anish@example.com"
  },
  {
    "username": "lakshmi",
    "password": "lakshmi123",
    "name": "Lakshmi",
    "email": "lakshmi@example.com"
  },
  {
    "username": "kiran",
    "password": "kiran123",
    "name": "Kiran",
    "email": "kiran@example.com"
  }
]