{
  "$schema": "http://json-schema.org/draft-07/schema#",
  "$id": "https://example.com/token.schema.json",
  "title": "Design Tokens Schema",
  "type": "object",
  "patternProperties": {
    "^[a-zA-Z0-9_-]+$": {
      "anyOf": [
        { "$ref": "#/definitions/value" },
        { "$ref": "#/definitions/group" }
      ]
    }
  },
  "definitions": {
    "value": {
      "type": ["string", "number"],
      "description": "Primitive value or reference (hex, unit, reference, or free-form family string)",
      "pattern": "^(#[0-9A-Fa-f]{3,8}|[0-9]+(px|rem|ms|%)|\\{[a-zA-Z0-9_.-]+\\}|[A-Za-z0-9 ,.'-]+)$"
    },
    "group": {
      "type": "object",
      "additionalProperties": {
        "anyOf": [
          { "$ref": "#/definitions/value" },
          { "$ref": "#/definitions/group" }
        ]
      }
    }
  }
}
