{ "inherit": ["saasy-light"], "id": "saasy-dark", "colors": { "fg": { "default": "#FFFFFF", "muted": "#CED3DD", "subtle": "#9BA6BC" }, "bg": { "default": "#1A1625", "muted": "#221C31", "subtle": "#2B2440" }, "primary": { "500": "#7B61FF", "600": "#9B87FF", "700": "#5D48CC" }, "accent": { "default": "#7B61FF", "onAccent": "#FFFFFF", "bg": "#463699" }, "neutral": { "0": "#1A1625", "50": "#221C31", "100": "#2B2440", "200": "#332D4A", "300": "#3C3654", "400": "#453F5E", "500": "#4E4768", "600": "#575072", "700": "#60597C", "800": "#6A6386", "900": "#CED3DD" }, "grey": { "100": "#221C31", "200": "#2B2440", "300": "#332D4A", "400": "#3C3654", "500": "#453F5E", "600": "#4E4768", "700": "#575072", "800": "#60597C", "900": "#6A6386" } }, "surface": { "background": "{colors.bg.default}", "card": "{colors.bg.muted}", "panel": "{colors.bg.subtle}", "border": "{colors.grey.400}" }, "button": { "variants": { "contained": { "bg": { "default": "{colors.primary.500}", "hover": "{colors.primary.600}", "active": "{colors.primary.700}" }, "text": { "default": "{colors.fg.default}" } }, "outlined": { "bg": { "default": "transparent", "hover": "{colors.primary.500}" }, "text": { "default": "{colors.primary.600}" }, "border": { "default": "{colors.primary.600}" } }, "soft": { "bg": { "default": "{colors.bg.muted}", "hover": "{colors.bg.subtle}", "active": "{colors.bg.default}" }, "text": { "default": "{colors.primary.500}" } }, "tertiary": { "bg": { "default": "transparent", "hover": "{colors.bg.muted}" }, "text": { "default": "{colors.primary.500}" } } } } }