{
  "inherit": [],
  "id": "saasy-light",
  "colors": {
    "fg": { "default": "#0A1524", "muted": "#394e75", "subtle": "#667085" },
    "bg": { "default": "#FFFFFF", "muted": "#F7F9FC", "subtle": "#EEF2F7" },
  "primary": { "100": "#ecf1fe", "200": "#d8e4fc", "300": "#c5d6fb", "400": "#9B87FF", "500": "#7B61FF", "600": "#5D48CC", "700": "#463699", "800": "#342673", "900": "#251A50" },
    "secondary": { "100": "#ced3dd", "200": "#9ba6bc", "300": "#394e75", "400": "#213864", "500": "#082253", "600": "#071f4b", "700": "#061b42", "800": "#06183a", "900": "#04112a" },
    "tertiary": { "100": "#e7fafa", "200": "#cff5f4", "300": "#58ddd9", "400": "#40d9d4", "500": "#10cfc9", "600": "#0ebab5", "700": "#0da6a1", "800": "#0b918d", "900": "#0a7c79" },
    "alert": {
      "success": { "100": "#E6F9F0", "200": "#C2F1DF", "300": "#99E8CA", "400": "#66DDAF", "500": "#00C781", "600": "#00B374", "700": "#00905D", "800": "#006C45", "900": "#00472E" },
      "warning": { "100": "#FFF4E5", "200": "#FFE8CC", "300": "#FFD099", "400": "#FFB766", "500": "#FFBB38", "600": "#E6A832", "700": "#C4871F", "800": "#9E6810", "900": "#6A4300" },
      "danger": { "100": "#FFE6E6", "200": "#FFCFCF", "300": "#FFB1B1", "400": "#FF8C8C", "500": "#FF4040", "600": "#E63535", "700": "#CC3333", "800": "#992828", "900": "#661D1D" }
    },
  "accent": { "default": "#7B61FF", "onAccent": "#FFFFFF", "bg": "#463699" },
  "neutral": { "0": "#FFFFFF", "50": "#F9FAFB", "100": "#F2F4F7", "200": "#E4E7EC", "300": "#D0D5DD", "400": "#98A2B3", "500": "#667085", "600": "#475467", "700": "#344054", "800": "#1D2939", "900": "#101828" },
  "grey": { "100": "#F2F4F7", "200": "#E4E7EC", "300": "#D0D5DD", "400": "#98A2B3", "500": "#667085", "600": "#475467", "700": "#344054", "800": "#1D2939", "900": "#101828" }
  },
  "shadow": { "100": "0 2px 4px -2px #1319271f, 0 4px 4px -2px #13192714", "200": "0 4px 6px -4px #1319271f, 0 8px 8px -4px #13192714", "300": "0 6px 8px -6px #1319271f, 0 8px 16px -6px #13192714", "400": "0 6px 12px -6px #1319271f, 0 8px 24px -4px #13192714", "500": "0 6px 14px -6px #1319271f, 0 10px 32px -4px #1319271a", "600": "0 8px 18px -6px #1319271f, 0 12px 42px -4px #1319271f", "700": "0 8px 22px -6px #1319271f, 0 14px 64px -4px #1319271f", "800": "0 8px 28px -6px #1319271f, 0 18px 88px -4px #13192724" },
  "typography": { "fonts": { "sans": "Inter, system-ui, sans-serif" }, "sizes": { "sm": "14px", "base": "16px", "lg": "18px" }, "weights": { "regular": 400, "medium": 500, "bold": 700 }, "lineHeights": { "normal": 1.5 } },
  "surface": { "background": "{colors.bg.default}", "card": "{colors.bg.muted}", "panel": "{colors.bg.subtle}", "border": "{colors.secondary.200}" },
  "button": { "variants": { "contained": { "bg": { "default": "{colors.primary.500}", "hover": "{colors.primary.600}", "active": "{colors.primary.700}" }, "text": { "default": "{colors.fg.default}" }, "border": { "default": "transparent" } }, "outlined": { "bg": { "default": "transparent", "hover": "{colors.primary.100}", "active": "{colors.primary.200}" }, "text": { "default": "{colors.primary.500}" }, "border": { "default": "{colors.primary.500}" } }, "soft": { "bg": { "default": "{colors.primary.100}", "hover": "{colors.primary.200}", "active": "{colors.primary.300}" }, "text": { "default": "{colors.primary.500}" }, "border": { "default": "transparent" } }, "tertiary": { "bg": { "default": "transparent", "hover": "{colors.primary.100}", "active": "{colors.primary.200}" }, "text": { "default": "{colors.primary.500}" } }, "solid": { "bg": { "default": "{colors.primary.500}", "hover": "{colors.primary.600}" }, "text": { "default": "{colors.fg.default}" } }, "outline": { "bg": { "default": "transparent", "hover": "{colors.primary.100}" }, "text": { "default": "{colors.primary.500}" }, "border": { "default": "{colors.primary.500}" } }, "ghost": { "bg": { "default": "transparent", "hover": "{colors.bg.muted}" }, "text": { "default": "{colors.primary.500}" } } }, "sizes": { "sm": { "paddingY": "4px", "paddingX": "12px", "fontSize": "{typography.sizes.sm}" }, "md": { "paddingY": "8px", "paddingX": "16px", "fontSize": "{typography.sizes.base}" }, "lg": { "paddingY": "12px", "paddingX": "24px", "fontSize": "{typography.sizes.lg}" } }, "focusRing": { "color": "{colors.primary.500}", "width": "3px" } }
}
