{"v":5,"entries":{"ui-button--docs":{"id":"ui-button--docs","title":"UI/Button","name":"Docs","importPath":"./src/components/ui/Button/Button.stories.tsx","type":"docs","tags":["dev","test","autodocs"],"storiesImports":[]},"ui-button--variants":{"type":"story","id":"ui-button--variants","name":"Variants","title":"UI/Button","importPath":"./src/components/ui/Button/Button.stories.tsx","componentPath":"./src/components/ui/Button/Button.tsx","tags":["dev","test","autodocs"]},"ui-button--tones":{"type":"story","id":"ui-button--tones","name":"Tones","title":"UI/Button","importPath":"./src/components/ui/Button/Button.stories.tsx","componentPath":"./src/components/ui/Button/Button.tsx","tags":["dev","test","autodocs"]},"ui-button--disabled-loading":{"type":"story","id":"ui-button--disabled-loading","name":"Disabled Loading","title":"UI/Button","importPath":"./src/components/ui/Button/Button.stories.tsx","componentPath":"./src/components/ui/Button/Button.tsx","tags":["dev","test","autodocs"]},"ui-button--full-width":{"type":"story","id":"ui-button--full-width","name":"Full Width","title":"UI/Button","importPath":"./src/components/ui/Button/Button.stories.tsx","componentPath":"./src/components/ui/Button/Button.tsx","tags":["dev","test","autodocs"]},"ui-button--icons":{"type":"story","id":"ui-button--icons","name":"Icons","title":"UI/Button","importPath":"./src/components/ui/Button/Button.stories.tsx","componentPath":"./src/components/ui/Button/Button.tsx","tags":["dev","test","autodocs"]},"components-button--docs":{"id":"components-button--docs","title":"Components/Button","name":"Docs","importPath":"./src/components/ui/Button/__stories__/Button.stories.tsx","type":"docs","tags":["dev","test","autodocs"],"storiesImports":[]},"components-button--default":{"type":"story","id":"components-button--default","name":"Default","title":"Components/Button","importPath":"./src/components/ui/Button/__stories__/Button.stories.tsx","componentPath":"./src/components/ui/Button/Button.tsx","tags":["dev","test","autodocs"]},"components-button--contained":{"type":"story","id":"components-button--contained","name":"Contained","title":"Components/Button","importPath":"./src/components/ui/Button/__stories__/Button.stories.tsx","componentPath":"./src/components/ui/Button/Button.tsx","tags":["dev","test","autodocs"]},"components-button--outlined":{"type":"story","id":"components-button--outlined","name":"Outlined","title":"Components/Button","importPath":"./src/components/ui/Button/__stories__/Button.stories.tsx","componentPath":"./src/components/ui/Button/Button.tsx","tags":["dev","test","autodocs"]},"components-button--soft":{"type":"story","id":"components-button--soft","name":"Soft","title":"Components/Button","importPath":"./src/components/ui/Button/__stories__/Button.stories.tsx","componentPath":"./src/components/ui/Button/Button.tsx","tags":["dev","test","autodocs"]},"components-button--tertiary":{"type":"story","id":"components-button--tertiary","name":"Tertiary","title":"Components/Button","importPath":"./src/components/ui/Button/__stories__/Button.stories.tsx","componentPath":"./src/components/ui/Button/Button.tsx","tags":["dev","test","autodocs"]},"components-button--sizes":{"type":"story","id":"components-button--sizes","name":"Sizes","title":"Components/Button","importPath":"./src/components/ui/Button/__stories__/Button.stories.tsx","componentPath":"./src/components/ui/Button/Button.tsx","tags":["dev","test","autodocs"]},"components-button--error-tone":{"type":"story","id":"components-button--error-tone","name":"Error Tone","title":"Components/Button","importPath":"./src/components/ui/Button/__stories__/Button.stories.tsx","componentPath":"./src/components/ui/Button/Button.tsx","tags":["dev","test","autodocs"]},"components-button--loading":{"type":"story","id":"components-button--loading","name":"Loading","title":"Components/Button","importPath":"./src/components/ui/Button/__stories__/Button.stories.tsx","componentPath":"./src/components/ui/Button/Button.tsx","tags":["dev","test","autodocs"]},"components-button--disabled":{"type":"story","id":"components-button--disabled","name":"Disabled","title":"Components/Button","importPath":"./src/components/ui/Button/__stories__/Button.stories.tsx","componentPath":"./src/components/ui/Button/Button.tsx","tags":["dev","test","autodocs"]},"components-button--with-icons":{"type":"story","id":"components-button--with-icons","name":"With Icons","title":"Components/Button","importPath":"./src/components/ui/Button/__stories__/Button.stories.tsx","componentPath":"./src/components/ui/Button/Button.tsx","tags":["dev","test","autodocs"]},"components-button--icon-only":{"type":"story","id":"components-button--icon-only","name":"Icon Only","title":"Components/Button","importPath":"./src/components/ui/Button/__stories__/Button.stories.tsx","componentPath":"./src/components/ui/Button/Button.tsx","tags":["dev","test","autodocs"]},"components-button--themes":{"type":"story","id":"components-button--themes","name":"Themes","title":"Components/Button","importPath":"./src/components/ui/Button/__stories__/Button.stories.tsx","componentPath":"./src/components/ui/Button/Button.tsx","tags":["dev","test","autodocs"]},"components-button--primary-secondary":{"type":"story","id":"components-button--primary-secondary","name":"Primary Secondary","title":"Components/Button","importPath":"./src/components/ui/Button/__stories__/Button.stories.tsx","componentPath":"./src/components/ui/Button/Button.tsx","tags":["dev","test","autodocs"]},"components-button--custom-class-name":{"type":"story","id":"components-button--custom-class-name","name":"Custom Class Name","title":"Components/Button","importPath":"./src/components/ui/Button/__stories__/Button.stories.tsx","componentPath":"./src/components/ui/Button/Button.tsx","tags":["dev","test","autodocs"]},"components-button--as-link":{"type":"story","id":"components-button--as-link","name":"As Link","title":"Components/Button","importPath":"./src/components/ui/Button/__stories__/Button.stories.tsx","componentPath":"./src/components/ui/Button/Button.tsx","tags":["dev","test","autodocs"]}}}