{
  "colors": {
    "primary": {
      "50": "#E9F2FF",
      "100": "#D4E4FF",
      "200": "#A9CAFF",
      "300": "#7EB0FF",
      "400": "#5396FF",
      "500": "#2A7DFF",
      "600": "#1F60CC",
      "700": "#154399",
      "800": "#0C2766",
      "900": "#06153B"
    },
    "neutral": {
      "0": "#FFFFFF",
      "25": "#FCFCFD",
      "50": "#F9FAFB",
      "100": "#F2F4F7",
      "200": "#E4E7EC",
      "300": "#D0D5DD",
      "400": "#98A2B3",
      "500": "#667085",
      "600": "#475467",
      "700": "#344054",
      "800": "#1D2939",
      "900": "#101828"
    },
    "text": {
      "primary": "{colors.neutral.900}",
      "secondary": "{colors.neutral.600}",
      "inverse": "{colors.neutral.0}"
    }
  }
}
