[
  {
    "id": "demo",
    "title": "rAutocode Design Guidelines",
    "initial": {
      "content": "<h2>Available Components</h2><table><thead><tr><th>Form Components</th><th>Form Components</th><th>Visual</th><th>Layout</th><th>Navigation</th><th>Progress</th></tr></thead><tbody><tr><td>Textbox</td><td>Input Group / Input Field</td><td>Icon</td><td>Container</td><td>Hyperlink</td><td>Loader</td></tr><tr><td>Textarea</td><td>Datepicker</td><td>Heading</td><td>Row</td><td></td><td></td></tr></tbody></table><p>Write more\u2026</p>"
    }
  },
  {
    "id": "page-2",
    "title": "Project Guidelines",
    "initial": {
      "content": "<p>Getting started\u2026</p>"
    }
  },
  {
    "id": "page-3",
    "title": "Work Management Platform",
    "initial": {
      "content": "<p>Notes\u2026</p>"
    }
  }
]