{ "inherit": ["corporate-light"], "id": "corporate-dark", "colors": { 
	"primary": { "100": "#E9E3FF", "200": "#D3C7FF", "300": "#B9A8FF", "400": "#9E88FF", "500": "#7B61FF", "600": "#5D48CC", "700": "#463699", "800": "#2F2366", "900": "#201644" },
	"secondary": { "100": "#1E2A38", "200": "#203246", "300": "#234056", "400": "#274E67", "500": "#2A5D78", "600": "#1F4860", "700": "#153348", "800": "#0C2031", "900": "#06131F" },
	"tertiary": { "100": "#133D33", "200": "#164A3F", "300": "#18564A", "400": "#1B6356", "500": "#1E7062", "600": "#145348", "700": "#0E3A32", "800": "#07231D", "900": "#04130F" },
	"neutral": { "0": "#1B1D21", "50": "#23262B", "100": "#2E3238", "200": "#373C43", "300": "#41474F", "400": "#4C525B", "500": "#565D66", "600": "#606770", "700": "#6A727C", "800": "#747D88", "900": "#E6E7EA" },
	"grey": { "100": "#23262B", "200": "#2E3238", "300": "#373C43", "400": "#41474F", "500": "#4C525B", "600": "#565D66", "700": "#606770", "800": "#6A727C", "900": "#747D88" },
	"text": { "primary": "#F5F7FA", "secondary": "#C2C6CC" },
	"alert": {
		"success": { "100": "#103C2C", "200": "#134936", "300": "#155541", "400": "#18624B", "500": "#1A6F56", "600": "#218D6D", "700": "#26AA84", "800": "#60C7A7", "900": "#9FE5CD" },
		"warning": { "100": "#402A00", "200": "#5A3800", "300": "#754600", "400": "#8F5400", "500": "#A85E00", "600": "#D97F00", "700": "#FF9F1C", "800": "#FFB766", "900": "#FFD099" },
		"danger": { "100": "#420F0C", "200": "#5A1612", "300": "#741D17", "400": "#8F241D", "500": "#A32E27", "600": "#C7443D", "700": "#DD5E53", "800": "#E98F86", "900": "#F2B8B2" }
	}
 }, "surface": { "background": "{colors.neutral.0}", "card": "{colors.neutral.50}" } }