{
  "inherit": [],
  "id": "corporate-light",
  "colors": {
    "primary": {
      "100": "#F0E9FF", "200": "#E1D4FF", "300": "#C7B3FF", "400": "#AD92FF", "500": "#7B61FF", "600": "#5D48CC", "700": "#463699", "800": "#312466", "900": "#201644"
    },
    "secondary": {
      "100": "#E3F0FF", "200": "#C7E0FF", "300": "#9FCBFF", "400": "#6FAEFF", "500": "#2A7DFF", "600": "#1F60CC", "700": "#154399", "800": "#0C2766", "900": "#06153B"
    },
    "tertiary": {
      "100": "#E6FAF7", "200": "#CFF5F0", "300": "#A1E9DF", "400": "#6FD7C7", "500": "#36C2AE", "600": "#2AA28F", "700": "#1E8270", "800": "#146251", "900": "#0B4336"
    },
    "text": { "primary": "#0C0C0D", "secondary": "#5B5D61" },
  "neutral": { "0": "#FFFFFF", "50": "#F9FAFB", "100": "#F2F4F7", "200": "#E4E7EC", "300": "#D0D5DD", "400": "#98A2B3", "500": "#667085", "600": "#475467", "700": "#344054", "800": "#1D2939", "900": "#0B0B0C" },
    "grey": { "100": "#F2F4F7", "200": "#E4E7EC", "300": "#D0D5DD", "400": "#98A2B3", "500": "#667085", "600": "#475467", "700": "#344054", "800": "#1D2939", "900": "#101828" },
    "alert": {
      "success": { "100": "#E6F9F0", "200": "#C2F1DF", "300": "#99E8CA", "400": "#66DDAF", "500": "#28B781", "600": "#1F956A", "700": "#157351", "800": "#0D5238", "900": "#083624" },
      "warning": { "100": "#FFF4E5", "200": "#FFE8CC", "300": "#FFD099", "400": "#FFB766", "500": "#FF9F1C", "600": "#D97F00", "700": "#A85E00", "800": "#7A4200", "900": "#4D2700" },
      "danger": { "100": "#FDECEA", "200": "#F9D4D0", "300": "#F2B8B2", "400": "#E98F86", "500": "#DD5E53", "600": "#B84238", "700": "#8F2D27", "800": "#631E19", "900": "#3E120F" }
    }
  },
  "surface": { "background": "{colors.neutral.0}", "card": "{colors.neutral.50}" },
  "layout": { "container": { "maxWidth": "1200px" } },
  "button": {
    "variants": {
      "solid": { "bg": { "default": "{colors.primary.500}", "hover": "{colors.primary.600}" }, "text": { "default": "{colors.neutral.0}" }, "border": { "default": "transparent" } },
      "outline": { "bg": { "default": "transparent", "hover": "{colors.primary.50}" }, "text": { "default": "{colors.primary.500}" }, "border": { "default": "{colors.primary.500}" } },
      "ghost": { "bg": { "default": "transparent", "hover": "{colors.neutral.50}" }, "text": { "default": "{colors.primary.500}" } }
    },
    "sizes": {
      "sm": { "paddingY": "{spacing.1}", "paddingX": "{spacing.2}", "fontSize": "{typography.sizes.sm}" },
      "md": { "paddingY": "{spacing.2}", "paddingX": "{spacing.3}", "fontSize": "{typography.sizes.base}" },
      "lg": { "paddingY": "{spacing.3}", "paddingX": "{spacing.4}", "fontSize": "{typography.sizes.lg}" }
    },
    "focusRing": { "color": "{colors.primary.500}", "width": "3px" }
  }
}
